{"cameraMode":{"drawMode":0,"name":"Shaded","section":"Shading Mode"},"sceneLighting":true,"audioPlay":false,"sceneViewState":{"showFog":true,"showMaterialUpdate":false,"showSkybox":true,"showFlares":true,"showImageEffects":true,"showParticleSystems":true},"in2DMode":false,"pivot":{"x":9.465006828308106,"y":2.288331985473633,"z":-1.6929206848144532},"rotation":{"x":0.2657898962497711,"y":-0.28766733407974245,"z":0.0834478884935379,"w":0.9163422584533691},"size":22.989999771118165,"orthographic":false}